,job_id,job_basename,job_directory,job_status,program,coords_from,xyz_filename
0,10058734.0,orca_prepro,/gpfs/research/alabuginlab/gage/michael/quick/_0_1_nome2/orca_prepro,succeeded,pyAroma,../cam-b3lyp_6-31Gdp_opt_freq,cam-b3lyp_6-31Gdp_opt_freq.xyz
1,-1.0,cam-b3lyp_6-31+Gdp_NICS,/gpfs/research/alabuginlab/gage/michael/quick/_0_1_nome2/cam-b3lyp_6-31+Gdp_NICS,not_started,ORCA,../orca_prepro,orca_prepro.xyz
2,10058735.0,orca_prepro,/gpfs/research/alabuginlab/gage/michael/quick/_0_1_tbucore/orca_prepro,succeeded,pyAroma,../cam-b3lyp_6-31Gdp_opt_freq,cam-b3lyp_6-31Gdp_opt_freq.xyz
3,-1.0,cam-b3lyp_6-31+Gdp_NICS,/gpfs/research/alabuginlab/gage/michael/quick/_0_1_tbucore/cam-b3lyp_6-31+Gdp_NICS,not_started,ORCA,../orca_prepro,orca_prepro.xyz
4,-1.0,orca_prepro,/gpfs/research/alabuginlab/gage/michael/quick/_0_1_noby/orca_prepro,not_started,pyAroma,../cam-b3lyp_6-31Gdp_opt_freq,cam-b3lyp_6-31Gdp_opt_freq.xyz
5,-1.0,cam-b3lyp_6-31+Gdp_NICS,/gpfs/research/alabuginlab/gage/michael/quick/_0_1_noby/cam-b3lyp_6-31+Gdp_NICS,not_started,ORCA,../orca_prepro,orca_prepro.xyz
6,10058736.0,orca_prepro,/gpfs/research/alabuginlab/gage/michael/quick/_0_1_nomph/orca_prepro,succeeded,pyAroma,../cam-b3lyp_6-31Gdp_opt_freq,cam-b3lyp_6-31Gdp_opt_freq.xyz
7,-1.0,cam-b3lyp_6-31+Gdp_NICS,/gpfs/research/alabuginlab/gage/michael/quick/_0_1_nomph/cam-b3lyp_6-31+Gdp_NICS,not_started,ORCA,../orca_prepro,orca_prepro.xyz
8,10058737.0,orca_prepro,/gpfs/research/alabuginlab/gage/michael/quick/_0_1_nome/orca_prepro,succeeded,pyAroma,../cam-b3lyp_6-31Gdp_opt_freq,cam-b3lyp_6-31Gdp_opt_freq.xyz
9,-1.0,cam-b3lyp_6-31+Gdp_NICS,/gpfs/research/alabuginlab/gage/michael/quick/_0_1_nome/cam-b3lyp_6-31+Gdp_NICS,not_started,ORCA,../orca_prepro,orca_prepro.xyz
10,-1.0,orca_prepro,/gpfs/research/alabuginlab/gage/michael/quick/_0_1_npome/orca_prepro,not_started,pyAroma,../cam-b3lyp_6-31Gdp_opt_freq,cam-b3lyp_6-31Gdp_opt_freq.xyz
11,-1.0,cam-b3lyp_6-31+Gdp_NICS,/gpfs/research/alabuginlab/gage/michael/quick/_0_1_npome/cam-b3lyp_6-31+Gdp_NICS,not_started,ORCA,../orca_prepro,orca_prepro.xyz
12,10058742.0,orca_prepro,/gpfs/research/alabuginlab/gage/michael/quick/_0_1_big_core/orca_prepro,succeeded,pyAroma,../cam-b3lyp_6-31Gdp_opt_freq,cam-b3lyp_6-31Gdp_opt_freq.xyz
13,-1.0,cam-b3lyp_6-31+Gdp_NICS,/gpfs/research/alabuginlab/gage/michael/quick/_0_1_big_core/cam-b3lyp_6-31+Gdp_NICS,not_started,ORCA,../orca_prepro,orca_prepro.xyz
14,10058743.0,orca_prepro,/gpfs/research/alabuginlab/gage/michael/quick/_0_1_cby/orca_prepro,succeeded,pyAroma,../cam-b3lyp_6-31Gdp_opt_freq,cam-b3lyp_6-31Gdp_opt_freq.xyz
15,-1.0,cam-b3lyp_6-31+Gdp_NICS,/gpfs/research/alabuginlab/gage/michael/quick/_0_1_cby/cam-b3lyp_6-31+Gdp_NICS,not_started,ORCA,../orca_prepro,orca_prepro.xyz
16,10058744.0,orca_prepro,/gpfs/research/alabuginlab/gage/michael/quick/_0_1_ncmy/orca_prepro,succeeded,pyAroma,../cam-b3lyp_6-31Gdp_opt_freq,cam-b3lyp_6-31Gdp_opt_freq.xyz
17,-1.0,cam-b3lyp_6-31+Gdp_NICS,/gpfs/research/alabuginlab/gage/michael/quick/_0_1_ncmy/cam-b3lyp_6-31+Gdp_NICS,not_started,ORCA,../orca_prepro,orca_prepro.xyz
18,-1.0,orca_prepro,/gpfs/research/alabuginlab/gage/michael/quick/_0_1_cmy/orca_prepro,not_started,pyAroma,../cam-b3lyp_6-31Gdp_opt_freq,cam-b3lyp_6-31Gdp_opt_freq.xyz
19,-1.0,cam-b3lyp_6-31+Gdp_NICS,/gpfs/research/alabuginlab/gage/michael/quick/_0_1_cmy/cam-b3lyp_6-31+Gdp_NICS,not_started,ORCA,../orca_prepro,orca_prepro.xyz
20,10058749.0,orca_prepro,/gpfs/research/alabuginlab/gage/michael/quick/_0_1_npomy/orca_prepro,succeeded,pyAroma,../cam-b3lyp_6-31Gdp_opt_freq,cam-b3lyp_6-31Gdp_opt_freq.xyz
21,-1.0,cam-b3lyp_6-31+Gdp_NICS,/gpfs/research/alabuginlab/gage/michael/quick/_0_1_npomy/cam-b3lyp_6-31+Gdp_NICS,not_started,ORCA,../orca_prepro,orca_prepro.xyz
22,10058750.0,orca_prepro,/gpfs/research/alabuginlab/gage/michael/quick/_0_1_nomy2/orca_prepro,succeeded,pyAroma,../cam-b3lyp_6-31Gdp_opt_freq,cam-b3lyp_6-31Gdp_opt_freq.xyz
23,-1.0,cam-b3lyp_6-31+Gdp_NICS,/gpfs/research/alabuginlab/gage/michael/quick/_0_1_nomy2/cam-b3lyp_6-31+Gdp_NICS,not_started,ORCA,../orca_prepro,orca_prepro.xyz
24,-1.0,orca_prepro,/gpfs/research/alabuginlab/gage/michael/quick/_0_1_ome/orca_prepro,not_started,pyAroma,../cam-b3lyp_6-31Gdp_opt_freq,cam-b3lyp_6-31Gdp_opt_freq.xyz
25,-1.0,cam-b3lyp_6-31+Gdp_NICS,/gpfs/research/alabuginlab/gage/michael/quick/_0_1_ome/cam-b3lyp_6-31+Gdp_NICS,not_started,ORCA,../orca_prepro,orca_prepro.xyz
26,-1.0,orca_prepro,/gpfs/research/alabuginlab/gage/michael/quick/_0_1_oby/orca_prepro,not_started,pyAroma,../cam-b3lyp_6-31Gdp_opt_freq,cam-b3lyp_6-31Gdp_opt_freq.xyz
27,-1.0,cam-b3lyp_6-31+Gdp_NICS,/gpfs/research/alabuginlab/gage/michael/quick/_0_1_oby/cam-b3lyp_6-31+Gdp_NICS,not_started,ORCA,../orca_prepro,orca_prepro.xyz
28,10058751.0,orca_prepro,/gpfs/research/alabuginlab/gage/michael/quick/_0_1_nody2/orca_prepro,succeeded,pyAroma,../cam-b3lyp_6-31Gdp_opt_freq,cam-b3lyp_6-31Gdp_opt_freq.xyz
29,-1.0,cam-b3lyp_6-31+Gdp_NICS,/gpfs/research/alabuginlab/gage/michael/quick/_0_1_nody2/cam-b3lyp_6-31+Gdp_NICS,not_started,ORCA,../orca_prepro,orca_prepro.xyz
30,10058752.0,orca_prepro,/gpfs/research/alabuginlab/gage/michael/quick/_0_1_nomy/orca_prepro,succeeded,pyAroma,../cam-b3lyp_6-31Gdp_opt_freq,cam-b3lyp_6-31Gdp_opt_freq.xyz
31,-1.0,cam-b3lyp_6-31+Gdp_NICS,/gpfs/research/alabuginlab/gage/michael/quick/_0_1_nomy/cam-b3lyp_6-31+Gdp_NICS,not_started,ORCA,../orca_prepro,orca_prepro.xyz
32,-1.0,orca_prepro,/gpfs/research/alabuginlab/gage/michael/quick/_0_1_omy/orca_prepro,not_started,pyAroma,../cam-b3lyp_6-31Gdp_opt_freq,cam-b3lyp_6-31Gdp_opt_freq.xyz
33,-1.0,cam-b3lyp_6-31+Gdp_NICS,/gpfs/research/alabuginlab/gage/michael/quick/_0_1_omy/cam-b3lyp_6-31+Gdp_NICS,not_started,ORCA,../orca_prepro,orca_prepro.xyz
34,10058783.0,orca_prepro,/gpfs/research/alabuginlab/gage/michael/quick/_0_3_nome2/orca_prepro,succeeded,pyAroma,../cam-b3lyp_6-31Gdp_opt_freq,cam-b3lyp_6-31Gdp_opt_freq.xyz
35,-1.0,cam-b3lyp_6-31+Gdp_NICS,/gpfs/research/alabuginlab/gage/michael/quick/_0_3_nome2/cam-b3lyp_6-31+Gdp_NICS,not_started,ORCA,../orca_prepro,orca_prepro.xyz
36,10058787.0,orca_prepro,/gpfs/research/alabuginlab/gage/michael/quick/_0_3_tbucore/orca_prepro,succeeded,pyAroma,../cam-b3lyp_6-31Gdp_opt_freq,cam-b3lyp_6-31Gdp_opt_freq.xyz
37,-1.0,cam-b3lyp_6-31+Gdp_NICS,/gpfs/research/alabuginlab/gage/michael/quick/_0_3_tbucore/cam-b3lyp_6-31+Gdp_NICS,not_started,ORCA,../orca_prepro,orca_prepro.xyz
38,-1.0,orca_prepro,/gpfs/research/alabuginlab/gage/michael/quick/_0_3_noby/orca_prepro,not_started,pyAroma,../cam-b3lyp_6-31Gdp_opt_freq,cam-b3lyp_6-31Gdp_opt_freq.xyz
39,-1.0,cam-b3lyp_6-31+Gdp_NICS,/gpfs/research/alabuginlab/gage/michael/quick/_0_3_noby/cam-b3lyp_6-31+Gdp_NICS,not_started,ORCA,../orca_prepro,orca_prepro.xyz
40,10059224.0,orca_prepro,/gpfs/research/alabuginlab/gage/michael/quick/_0_3_nomph/orca_prepro,succeeded,pyAroma,../cam-b3lyp_6-31Gdp_opt_freq,cam-b3lyp_6-31Gdp_opt_freq.xyz
41,-1.0,cam-b3lyp_6-31+Gdp_NICS,/gpfs/research/alabuginlab/gage/michael/quick/_0_3_nomph/cam-b3lyp_6-31+Gdp_NICS,not_started,ORCA,../orca_prepro,orca_prepro.xyz
42,10060051.0,orca_prepro,/gpfs/research/alabuginlab/gage/michael/quick/_0_3_nome/orca_prepro,succeeded,pyAroma,../cam-b3lyp_6-31Gdp_opt_freq,cam-b3lyp_6-31Gdp_opt_freq.xyz
43,-1.0,cam-b3lyp_6-31+Gdp_NICS,/gpfs/research/alabuginlab/gage/michael/quick/_0_3_nome/cam-b3lyp_6-31+Gdp_NICS,not_started,ORCA,../orca_prepro,orca_prepro.xyz
44,-1.0,orca_prepro,/gpfs/research/alabuginlab/gage/michael/quick/_0_3_npome/orca_prepro,not_started,pyAroma,../cam-b3lyp_6-31Gdp_opt_freq,cam-b3lyp_6-31Gdp_opt_freq.xyz
45,-1.0,cam-b3lyp_6-31+Gdp_NICS,/gpfs/research/alabuginlab/gage/michael/quick/_0_3_npome/cam-b3lyp_6-31+Gdp_NICS,not_started,ORCA,../orca_prepro,orca_prepro.xyz
46,10060097.0,orca_prepro,/gpfs/research/alabuginlab/gage/michael/quick/_0_3_big_core/orca_prepro,succeeded,pyAroma,../cam-b3lyp_6-31Gdp_opt_freq,cam-b3lyp_6-31Gdp_opt_freq.xyz
47,-1.0,cam-b3lyp_6-31+Gdp_NICS,/gpfs/research/alabuginlab/gage/michael/quick/_0_3_big_core/cam-b3lyp_6-31+Gdp_NICS,not_started,ORCA,../orca_prepro,orca_prepro.xyz
48,10060101.0,orca_prepro,/gpfs/research/alabuginlab/gage/michael/quick/_0_3_cby/orca_prepro,succeeded,pyAroma,../cam-b3lyp_6-31Gdp_opt_freq,cam-b3lyp_6-31Gdp_opt_freq.xyz
49,-1.0,cam-b3lyp_6-31+Gdp_NICS,/gpfs/research/alabuginlab/gage/michael/quick/_0_3_cby/cam-b3lyp_6-31+Gdp_NICS,not_started,ORCA,../orca_prepro,orca_prepro.xyz
50,10060252.0,orca_prepro,/gpfs/research/alabuginlab/gage/michael/quick/_0_3_ncmy/orca_prepro,succeeded,pyAroma,../cam-b3lyp_6-31Gdp_opt_freq,cam-b3lyp_6-31Gdp_opt_freq.xyz
51,-1.0,cam-b3lyp_6-31+Gdp_NICS,/gpfs/research/alabuginlab/gage/michael/quick/_0_3_ncmy/cam-b3lyp_6-31+Gdp_NICS,not_started,ORCA,../orca_prepro,orca_prepro.xyz
52,-1.0,orca_prepro,/gpfs/research/alabuginlab/gage/michael/quick/_0_3_cmy/orca_prepro,not_started,pyAroma,../cam-b3lyp_6-31Gdp_opt_freq,cam-b3lyp_6-31Gdp_opt_freq.xyz
53,-1.0,cam-b3lyp_6-31+Gdp_NICS,/gpfs/research/alabuginlab/gage/michael/quick/_0_3_cmy/cam-b3lyp_6-31+Gdp_NICS,not_started,ORCA,../orca_prepro,orca_prepro.xyz
54,10060262.0,orca_prepro,/gpfs/research/alabuginlab/gage/michael/quick/_0_3_npomy/orca_prepro,succeeded,pyAroma,../cam-b3lyp_6-31Gdp_opt_freq,cam-b3lyp_6-31Gdp_opt_freq.xyz
55,-1.0,cam-b3lyp_6-31+Gdp_NICS,/gpfs/research/alabuginlab/gage/michael/quick/_0_3_npomy/cam-b3lyp_6-31+Gdp_NICS,not_started,ORCA,../orca_prepro,orca_prepro.xyz
56,10060293.0,orca_prepro,/gpfs/research/alabuginlab/gage/michael/quick/_0_3_nomy2/orca_prepro,succeeded,pyAroma,../cam-b3lyp_6-31Gdp_opt_freq,cam-b3lyp_6-31Gdp_opt_freq.xyz
57,-1.0,cam-b3lyp_6-31+Gdp_NICS,/gpfs/research/alabuginlab/gage/michael/quick/_0_3_nomy2/cam-b3lyp_6-31+Gdp_NICS,not_started,ORCA,../orca_prepro,orca_prepro.xyz
58,-1.0,orca_prepro,/gpfs/research/alabuginlab/gage/michael/quick/_0_3_ome/orca_prepro,not_started,pyAroma,../cam-b3lyp_6-31Gdp_opt_freq,cam-b3lyp_6-31Gdp_opt_freq.xyz
59,-1.0,cam-b3lyp_6-31+Gdp_NICS,/gpfs/research/alabuginlab/gage/michael/quick/_0_3_ome/cam-b3lyp_6-31+Gdp_NICS,not_started,ORCA,../orca_prepro,orca_prepro.xyz
60,-1.0,orca_prepro,/gpfs/research/alabuginlab/gage/michael/quick/_0_3_oby/orca_prepro,not_started,pyAroma,../cam-b3lyp_6-31Gdp_opt_freq,cam-b3lyp_6-31Gdp_opt_freq.xyz
61,-1.0,cam-b3lyp_6-31+Gdp_NICS,/gpfs/research/alabuginlab/gage/michael/quick/_0_3_oby/cam-b3lyp_6-31+Gdp_NICS,not_started,ORCA,../orca_prepro,orca_prepro.xyz
62,10060472.0,orca_prepro,/gpfs/research/alabuginlab/gage/michael/quick/_0_3_nody2/orca_prepro,succeeded,pyAroma,../cam-b3lyp_6-31Gdp_opt_freq,cam-b3lyp_6-31Gdp_opt_freq.xyz
63,-1.0,cam-b3lyp_6-31+Gdp_NICS,/gpfs/research/alabuginlab/gage/michael/quick/_0_3_nody2/cam-b3lyp_6-31+Gdp_NICS,not_started,ORCA,../orca_prepro,orca_prepro.xyz
64,-1.0,orca_prepro,/gpfs/research/alabuginlab/gage/michael/quick/_0_3_nomy/orca_prepro,not_started,pyAroma,../cam-b3lyp_6-31Gdp_opt_freq,cam-b3lyp_6-31Gdp_opt_freq.xyz
65,-1.0,cam-b3lyp_6-31+Gdp_NICS,/gpfs/research/alabuginlab/gage/michael/quick/_0_3_nomy/cam-b3lyp_6-31+Gdp_NICS,not_started,ORCA,../orca_prepro,orca_prepro.xyz
66,-1.0,orca_prepro,/gpfs/research/alabuginlab/gage/michael/quick/_0_3_omy/orca_prepro,not_started,pyAroma,../cam-b3lyp_6-31Gdp_opt_freq,cam-b3lyp_6-31Gdp_opt_freq.xyz
67,-1.0,cam-b3lyp_6-31+Gdp_NICS,/gpfs/research/alabuginlab/gage/michael/quick/_0_3_omy/cam-b3lyp_6-31+Gdp_NICS,not_started,ORCA,../orca_prepro,orca_prepro.xyz
68,10058738.0,gaussian_prepro,/gpfs/research/alabuginlab/gage/michael/quick/_0_1_nome2/gaussian_prepro,succeeded,pyAroma,../cam-b3lyp_6-31Gdp_opt_freq,cam-b3lyp_6-31Gdp_opt_freq.xyz
69,10058762.0,cam-b3lyp_6-31+Gdp_NICS_gaussian,/gpfs/research/alabuginlab/gage/michael/quick/_0_1_nome2/cam-b3lyp_6-31+Gdp_NICS_gaussian,succeeded,Gaussian,../gaussian_prepro,gaussian_prepro.xyz
70,10058739.0,gaussian_prepro,/gpfs/research/alabuginlab/gage/michael/quick/_0_1_tbucore/gaussian_prepro,succeeded,pyAroma,../cam-b3lyp_6-31Gdp_opt_freq,cam-b3lyp_6-31Gdp_opt_freq.xyz
71,10058763.0,cam-b3lyp_6-31+Gdp_NICS_gaussian,/gpfs/research/alabuginlab/gage/michael/quick/_0_1_tbucore/cam-b3lyp_6-31+Gdp_NICS_gaussian,running,Gaussian,../gaussian_prepro,gaussian_prepro.xyz
72,-1.0,gaussian_prepro,/gpfs/research/alabuginlab/gage/michael/quick/_0_1_noby/gaussian_prepro,not_started,pyAroma,../cam-b3lyp_6-31Gdp_opt_freq,cam-b3lyp_6-31Gdp_opt_freq.xyz
73,-1.0,cam-b3lyp_6-31+Gdp_NICS_gaussian,/gpfs/research/alabuginlab/gage/michael/quick/_0_1_noby/cam-b3lyp_6-31+Gdp_NICS_gaussian,not_started,Gaussian,../gaussian_prepro,gaussian_prepro.xyz
74,10058740.0,gaussian_prepro,/gpfs/research/alabuginlab/gage/michael/quick/_0_1_nomph/gaussian_prepro,succeeded,pyAroma,../cam-b3lyp_6-31Gdp_opt_freq,cam-b3lyp_6-31Gdp_opt_freq.xyz
75,10058764.0,cam-b3lyp_6-31+Gdp_NICS_gaussian,/gpfs/research/alabuginlab/gage/michael/quick/_0_1_nomph/cam-b3lyp_6-31+Gdp_NICS_gaussian,succeeded,Gaussian,../gaussian_prepro,gaussian_prepro.xyz
76,10058741.0,gaussian_prepro,/gpfs/research/alabuginlab/gage/michael/quick/_0_1_nome/gaussian_prepro,succeeded,pyAroma,../cam-b3lyp_6-31Gdp_opt_freq,cam-b3lyp_6-31Gdp_opt_freq.xyz
77,10058765.0,cam-b3lyp_6-31+Gdp_NICS_gaussian,/gpfs/research/alabuginlab/gage/michael/quick/_0_1_nome/cam-b3lyp_6-31+Gdp_NICS_gaussian,succeeded,Gaussian,../gaussian_prepro,gaussian_prepro.xyz
78,-1.0,gaussian_prepro,/gpfs/research/alabuginlab/gage/michael/quick/_0_1_npome/gaussian_prepro,not_started,pyAroma,../cam-b3lyp_6-31Gdp_opt_freq,cam-b3lyp_6-31Gdp_opt_freq.xyz
79,-1.0,cam-b3lyp_6-31+Gdp_NICS_gaussian,/gpfs/research/alabuginlab/gage/michael/quick/_0_1_npome/cam-b3lyp_6-31+Gdp_NICS_gaussian,not_started,Gaussian,../gaussian_prepro,gaussian_prepro.xyz
80,10058745.0,gaussian_prepro,/gpfs/research/alabuginlab/gage/michael/quick/_0_1_big_core/gaussian_prepro,succeeded,pyAroma,../cam-b3lyp_6-31Gdp_opt_freq,cam-b3lyp_6-31Gdp_opt_freq.xyz
81,10058766.0,cam-b3lyp_6-31+Gdp_NICS_gaussian,/gpfs/research/alabuginlab/gage/michael/quick/_0_1_big_core/cam-b3lyp_6-31+Gdp_NICS_gaussian,running,Gaussian,../gaussian_prepro,gaussian_prepro.xyz
82,10058746.0,gaussian_prepro,/gpfs/research/alabuginlab/gage/michael/quick/_0_1_cby/gaussian_prepro,succeeded,pyAroma,../cam-b3lyp_6-31Gdp_opt_freq,cam-b3lyp_6-31Gdp_opt_freq.xyz
83,10058767.0,cam-b3lyp_6-31+Gdp_NICS_gaussian,/gpfs/research/alabuginlab/gage/michael/quick/_0_1_cby/cam-b3lyp_6-31+Gdp_NICS_gaussian,running,Gaussian,../gaussian_prepro,gaussian_prepro.xyz
84,10058747.0,gaussian_prepro,/gpfs/research/alabuginlab/gage/michael/quick/_0_1_ncmy/gaussian_prepro,succeeded,pyAroma,../cam-b3lyp_6-31Gdp_opt_freq,cam-b3lyp_6-31Gdp_opt_freq.xyz
85,10058768.0,cam-b3lyp_6-31+Gdp_NICS_gaussian,/gpfs/research/alabuginlab/gage/michael/quick/_0_1_ncmy/cam-b3lyp_6-31+Gdp_NICS_gaussian,succeeded,Gaussian,../gaussian_prepro,gaussian_prepro.xyz
86,-1.0,gaussian_prepro,/gpfs/research/alabuginlab/gage/michael/quick/_0_1_cmy/gaussian_prepro,not_started,pyAroma,../cam-b3lyp_6-31Gdp_opt_freq,cam-b3lyp_6-31Gdp_opt_freq.xyz
87,-1.0,cam-b3lyp_6-31+Gdp_NICS_gaussian,/gpfs/research/alabuginlab/gage/michael/quick/_0_1_cmy/cam-b3lyp_6-31+Gdp_NICS_gaussian,not_started,Gaussian,../gaussian_prepro,gaussian_prepro.xyz
88,10058753.0,gaussian_prepro,/gpfs/research/alabuginlab/gage/michael/quick/_0_1_npomy/gaussian_prepro,succeeded,pyAroma,../cam-b3lyp_6-31Gdp_opt_freq,cam-b3lyp_6-31Gdp_opt_freq.xyz
89,10058774.0,cam-b3lyp_6-31+Gdp_NICS_gaussian,/gpfs/research/alabuginlab/gage/michael/quick/_0_1_npomy/cam-b3lyp_6-31+Gdp_NICS_gaussian,succeeded,Gaussian,../gaussian_prepro,gaussian_prepro.xyz
90,10058754.0,gaussian_prepro,/gpfs/research/alabuginlab/gage/michael/quick/_0_1_nomy2/gaussian_prepro,succeeded,pyAroma,../cam-b3lyp_6-31Gdp_opt_freq,cam-b3lyp_6-31Gdp_opt_freq.xyz
91,10058775.0,cam-b3lyp_6-31+Gdp_NICS_gaussian,/gpfs/research/alabuginlab/gage/michael/quick/_0_1_nomy2/cam-b3lyp_6-31+Gdp_NICS_gaussian,succeeded,Gaussian,../gaussian_prepro,gaussian_prepro.xyz
92,-1.0,gaussian_prepro,/gpfs/research/alabuginlab/gage/michael/quick/_0_1_ome/gaussian_prepro,not_started,pyAroma,../cam-b3lyp_6-31Gdp_opt_freq,cam-b3lyp_6-31Gdp_opt_freq.xyz
93,-1.0,cam-b3lyp_6-31+Gdp_NICS_gaussian,/gpfs/research/alabuginlab/gage/michael/quick/_0_1_ome/cam-b3lyp_6-31+Gdp_NICS_gaussian,not_started,Gaussian,../gaussian_prepro,gaussian_prepro.xyz
94,-1.0,gaussian_prepro,/gpfs/research/alabuginlab/gage/michael/quick/_0_1_oby/gaussian_prepro,not_started,pyAroma,../cam-b3lyp_6-31Gdp_opt_freq,cam-b3lyp_6-31Gdp_opt_freq.xyz
95,-1.0,cam-b3lyp_6-31+Gdp_NICS_gaussian,/gpfs/research/alabuginlab/gage/michael/quick/_0_1_oby/cam-b3lyp_6-31+Gdp_NICS_gaussian,not_started,Gaussian,../gaussian_prepro,gaussian_prepro.xyz
96,10058776.0,gaussian_prepro,/gpfs/research/alabuginlab/gage/michael/quick/_0_1_nody2/gaussian_prepro,succeeded,pyAroma,../cam-b3lyp_6-31Gdp_opt_freq,cam-b3lyp_6-31Gdp_opt_freq.xyz
97,10058780.0,cam-b3lyp_6-31+Gdp_NICS_gaussian,/gpfs/research/alabuginlab/gage/michael/quick/_0_1_nody2/cam-b3lyp_6-31+Gdp_NICS_gaussian,succeeded,Gaussian,../gaussian_prepro,gaussian_prepro.xyz
98,10058778.0,gaussian_prepro,/gpfs/research/alabuginlab/gage/michael/quick/_0_1_nomy/gaussian_prepro,succeeded,pyAroma,../cam-b3lyp_6-31Gdp_opt_freq,cam-b3lyp_6-31Gdp_opt_freq.xyz
99,10058781.0,cam-b3lyp_6-31+Gdp_NICS_gaussian,/gpfs/research/alabuginlab/gage/michael/quick/_0_1_nomy/cam-b3lyp_6-31+Gdp_NICS_gaussian,running,Gaussian,../gaussian_prepro,gaussian_prepro.xyz
100,-1.0,gaussian_prepro,/gpfs/research/alabuginlab/gage/michael/quick/_0_1_omy/gaussian_prepro,not_started,pyAroma,../cam-b3lyp_6-31Gdp_opt_freq,cam-b3lyp_6-31Gdp_opt_freq.xyz
101,-1.0,cam-b3lyp_6-31+Gdp_NICS_gaussian,/gpfs/research/alabuginlab/gage/michael/quick/_0_1_omy/cam-b3lyp_6-31+Gdp_NICS_gaussian,not_started,Gaussian,../gaussian_prepro,gaussian_prepro.xyz
102,10058784.0,gaussian_prepro,/gpfs/research/alabuginlab/gage/michael/quick/_0_3_nome2/gaussian_prepro,succeeded,pyAroma,../cam-b3lyp_6-31Gdp_opt_freq,cam-b3lyp_6-31Gdp_opt_freq.xyz
103,10058786.0,cam-b3lyp_6-31+Gdp_NICS_gaussian,/gpfs/research/alabuginlab/gage/michael/quick/_0_3_nome2/cam-b3lyp_6-31+Gdp_NICS_gaussian,succeeded,Gaussian,../gaussian_prepro,gaussian_prepro.xyz
104,10058788.0,gaussian_prepro,/gpfs/research/alabuginlab/gage/michael/quick/_0_3_tbucore/gaussian_prepro,succeeded,pyAroma,../cam-b3lyp_6-31Gdp_opt_freq,cam-b3lyp_6-31Gdp_opt_freq.xyz
105,10058792.0,cam-b3lyp_6-31+Gdp_NICS_gaussian,/gpfs/research/alabuginlab/gage/michael/quick/_0_3_tbucore/cam-b3lyp_6-31+Gdp_NICS_gaussian,running,Gaussian,../gaussian_prepro,gaussian_prepro.xyz
106,-1.0,gaussian_prepro,/gpfs/research/alabuginlab/gage/michael/quick/_0_3_noby/gaussian_prepro,not_started,pyAroma,../cam-b3lyp_6-31Gdp_opt_freq,cam-b3lyp_6-31Gdp_opt_freq.xyz
107,-1.0,cam-b3lyp_6-31+Gdp_NICS_gaussian,/gpfs/research/alabuginlab/gage/michael/quick/_0_3_noby/cam-b3lyp_6-31+Gdp_NICS_gaussian,not_started,Gaussian,../gaussian_prepro,gaussian_prepro.xyz
108,10059684.0,gaussian_prepro,/gpfs/research/alabuginlab/gage/michael/quick/_0_3_nomph/gaussian_prepro,succeeded,pyAroma,../cam-b3lyp_6-31Gdp_opt_freq,cam-b3lyp_6-31Gdp_opt_freq.xyz
109,10059687.0,cam-b3lyp_6-31+Gdp_NICS_gaussian,/gpfs/research/alabuginlab/gage/michael/quick/_0_3_nomph/cam-b3lyp_6-31+Gdp_NICS_gaussian,pending,Gaussian,../gaussian_prepro,gaussian_prepro.xyz
110,10060094.0,gaussian_prepro,/gpfs/research/alabuginlab/gage/michael/quick/_0_3_nome/gaussian_prepro,succeeded,pyAroma,../cam-b3lyp_6-31Gdp_opt_freq,cam-b3lyp_6-31Gdp_opt_freq.xyz
111,10060096.0,cam-b3lyp_6-31+Gdp_NICS_gaussian,/gpfs/research/alabuginlab/gage/michael/quick/_0_3_nome/cam-b3lyp_6-31+Gdp_NICS_gaussian,pending,Gaussian,../gaussian_prepro,gaussian_prepro.xyz
112,-1.0,gaussian_prepro,/gpfs/research/alabuginlab/gage/michael/quick/_0_3_npome/gaussian_prepro,not_started,pyAroma,../cam-b3lyp_6-31Gdp_opt_freq,cam-b3lyp_6-31Gdp_opt_freq.xyz
113,-1.0,cam-b3lyp_6-31+Gdp_NICS_gaussian,/gpfs/research/alabuginlab/gage/michael/quick/_0_3_npome/cam-b3lyp_6-31+Gdp_NICS_gaussian,not_started,Gaussian,../gaussian_prepro,gaussian_prepro.xyz
114,10060099.0,gaussian_prepro,/gpfs/research/alabuginlab/gage/michael/quick/_0_3_big_core/gaussian_prepro,succeeded,pyAroma,../cam-b3lyp_6-31Gdp_opt_freq,cam-b3lyp_6-31Gdp_opt_freq.xyz
115,10060100.0,cam-b3lyp_6-31+Gdp_NICS_gaussian,/gpfs/research/alabuginlab/gage/michael/quick/_0_3_big_core/cam-b3lyp_6-31+Gdp_NICS_gaussian,pending,Gaussian,../gaussian_prepro,gaussian_prepro.xyz
116,10060195.0,gaussian_prepro,/gpfs/research/alabuginlab/gage/michael/quick/_0_3_cby/gaussian_prepro,succeeded,pyAroma,../cam-b3lyp_6-31Gdp_opt_freq,cam-b3lyp_6-31Gdp_opt_freq.xyz
117,10060196.0,cam-b3lyp_6-31+Gdp_NICS_gaussian,/gpfs/research/alabuginlab/gage/michael/quick/_0_3_cby/cam-b3lyp_6-31+Gdp_NICS_gaussian,pending,Gaussian,../gaussian_prepro,gaussian_prepro.xyz
118,10060253.0,gaussian_prepro,/gpfs/research/alabuginlab/gage/michael/quick/_0_3_ncmy/gaussian_prepro,succeeded,pyAroma,../cam-b3lyp_6-31Gdp_opt_freq,cam-b3lyp_6-31Gdp_opt_freq.xyz
119,10060255.0,cam-b3lyp_6-31+Gdp_NICS_gaussian,/gpfs/research/alabuginlab/gage/michael/quick/_0_3_ncmy/cam-b3lyp_6-31+Gdp_NICS_gaussian,pending,Gaussian,../gaussian_prepro,gaussian_prepro.xyz
120,-1.0,gaussian_prepro,/gpfs/research/alabuginlab/gage/michael/quick/_0_3_cmy/gaussian_prepro,not_started,pyAroma,../cam-b3lyp_6-31Gdp_opt_freq,cam-b3lyp_6-31Gdp_opt_freq.xyz
121,-1.0,cam-b3lyp_6-31+Gdp_NICS_gaussian,/gpfs/research/alabuginlab/gage/michael/quick/_0_3_cmy/cam-b3lyp_6-31+Gdp_NICS_gaussian,not_started,Gaussian,../gaussian_prepro,gaussian_prepro.xyz
122,10060263.0,gaussian_prepro,/gpfs/research/alabuginlab/gage/michael/quick/_0_3_npomy/gaussian_prepro,succeeded,pyAroma,../cam-b3lyp_6-31Gdp_opt_freq,cam-b3lyp_6-31Gdp_opt_freq.xyz
123,10060266.0,cam-b3lyp_6-31+Gdp_NICS_gaussian,/gpfs/research/alabuginlab/gage/michael/quick/_0_3_npomy/cam-b3lyp_6-31+Gdp_NICS_gaussian,pending,Gaussian,../gaussian_prepro,gaussian_prepro.xyz
124,10060295.0,gaussian_prepro,/gpfs/research/alabuginlab/gage/michael/quick/_0_3_nomy2/gaussian_prepro,succeeded,pyAroma,../cam-b3lyp_6-31Gdp_opt_freq,cam-b3lyp_6-31Gdp_opt_freq.xyz
125,10060296.0,cam-b3lyp_6-31+Gdp_NICS_gaussian,/gpfs/research/alabuginlab/gage/michael/quick/_0_3_nomy2/cam-b3lyp_6-31+Gdp_NICS_gaussian,pending,Gaussian,../gaussian_prepro,gaussian_prepro.xyz
126,-1.0,gaussian_prepro,/gpfs/research/alabuginlab/gage/michael/quick/_0_3_ome/gaussian_prepro,not_started,pyAroma,../cam-b3lyp_6-31Gdp_opt_freq,cam-b3lyp_6-31Gdp_opt_freq.xyz
127,-1.0,cam-b3lyp_6-31+Gdp_NICS_gaussian,/gpfs/research/alabuginlab/gage/michael/quick/_0_3_ome/cam-b3lyp_6-31+Gdp_NICS_gaussian,not_started,Gaussian,../gaussian_prepro,gaussian_prepro.xyz
128,-1.0,gaussian_prepro,/gpfs/research/alabuginlab/gage/michael/quick/_0_3_oby/gaussian_prepro,not_started,pyAroma,../cam-b3lyp_6-31Gdp_opt_freq,cam-b3lyp_6-31Gdp_opt_freq.xyz
129,-1.0,cam-b3lyp_6-31+Gdp_NICS_gaussian,/gpfs/research/alabuginlab/gage/michael/quick/_0_3_oby/cam-b3lyp_6-31+Gdp_NICS_gaussian,not_started,Gaussian,../gaussian_prepro,gaussian_prepro.xyz
130,10060594.0,gaussian_prepro,/gpfs/research/alabuginlab/gage/michael/quick/_0_3_nody2/gaussian_prepro,succeeded,pyAroma,../cam-b3lyp_6-31Gdp_opt_freq,cam-b3lyp_6-31Gdp_opt_freq.xyz
131,10060595.0,cam-b3lyp_6-31+Gdp_NICS_gaussian,/gpfs/research/alabuginlab/gage/michael/quick/_0_3_nody2/cam-b3lyp_6-31+Gdp_NICS_gaussian,pending,Gaussian,../gaussian_prepro,gaussian_prepro.xyz
132,-1.0,gaussian_prepro,/gpfs/research/alabuginlab/gage/michael/quick/_0_3_nomy/gaussian_prepro,not_started,pyAroma,../cam-b3lyp_6-31Gdp_opt_freq,cam-b3lyp_6-31Gdp_opt_freq.xyz
133,-1.0,cam-b3lyp_6-31+Gdp_NICS_gaussian,/gpfs/research/alabuginlab/gage/michael/quick/_0_3_nomy/cam-b3lyp_6-31+Gdp_NICS_gaussian,not_started,Gaussian,../gaussian_prepro,gaussian_prepro.xyz
134,-1.0,gaussian_prepro,/gpfs/research/alabuginlab/gage/michael/quick/_0_3_omy/gaussian_prepro,not_started,pyAroma,../cam-b3lyp_6-31Gdp_opt_freq,cam-b3lyp_6-31Gdp_opt_freq.xyz
135,-1.0,cam-b3lyp_6-31+Gdp_NICS_gaussian,/gpfs/research/alabuginlab/gage/michael/quick/_0_3_omy/cam-b3lyp_6-31+Gdp_NICS_gaussian,not_started,Gaussian,../gaussian_prepro,gaussian_prepro.xyz
136,10015925.0,crest_gfn2_quick,/gpfs/research/alabuginlab/gage/michael/quick/_0_1_nome2/crest_gfn2_quick,succeeded,CREST,,
137,10015926.0,crest_gfn2_quick,/gpfs/research/alabuginlab/gage/michael/quick/_0_1_tbucore/crest_gfn2_quick,succeeded,CREST,,
138,10015927.0,crest_gfn2_quick,/gpfs/research/alabuginlab/gage/michael/quick/_0_1_noby/crest_gfn2_quick,succeeded,CREST,,
139,10015928.0,crest_gfn2_quick,/gpfs/research/alabuginlab/gage/michael/quick/_0_1_nomph/crest_gfn2_quick,succeeded,CREST,,
140,10015929.0,crest_gfn2_quick,/gpfs/research/alabuginlab/gage/michael/quick/_0_1_nome/crest_gfn2_quick,succeeded,CREST,,
141,10015930.0,crest_gfn2_quick,/gpfs/research/alabuginlab/gage/michael/quick/_0_1_npome/crest_gfn2_quick,succeeded,CREST,,
142,10015931.0,crest_gfn2_quick,/gpfs/research/alabuginlab/gage/michael/quick/_0_1_big_core/crest_gfn2_quick,succeeded,CREST,,
143,10015932.0,crest_gfn2_quick,/gpfs/research/alabuginlab/gage/michael/quick/_0_1_cby/crest_gfn2_quick,succeeded,CREST,,
144,10015933.0,crest_gfn2_quick,/gpfs/research/alabuginlab/gage/michael/quick/_0_1_ncmy/crest_gfn2_quick,succeeded,CREST,,
145,10015934.0,crest_gfn2_quick,/gpfs/research/alabuginlab/gage/michael/quick/_0_1_cmy/crest_gfn2_quick,succeeded,CREST,,
146,10024820.0,crest_gfn2_quick,/gpfs/research/alabuginlab/gage/michael/quick/_0_1_npomy/crest_gfn2_quick,succeeded,CREST,,
147,10016024.0,crest_gfn2_quick,/gpfs/research/alabuginlab/gage/michael/quick/_0_1_nomy2/crest_gfn2_quick,succeeded,CREST,,
148,10016025.0,crest_gfn2_quick,/gpfs/research/alabuginlab/gage/michael/quick/_0_1_ome/crest_gfn2_quick,succeeded,CREST,,
149,10016026.0,crest_gfn2_quick,/gpfs/research/alabuginlab/gage/michael/quick/_0_1_oby/crest_gfn2_quick,succeeded,CREST,,
150,10016027.0,crest_gfn2_quick,/gpfs/research/alabuginlab/gage/michael/quick/_0_1_nody2/crest_gfn2_quick,succeeded,CREST,,
151,10016028.0,crest_gfn2_quick,/gpfs/research/alabuginlab/gage/michael/quick/_0_1_nomy/crest_gfn2_quick,succeeded,CREST,,
152,10016029.0,crest_gfn2_quick,/gpfs/research/alabuginlab/gage/michael/quick/_0_1_omy/crest_gfn2_quick,succeeded,CREST,,
153,10016031.0,crest_gfn2_quick,/gpfs/research/alabuginlab/gage/michael/quick/_0_3_nome2/crest_gfn2_quick,succeeded,CREST,,
154,10016032.0,crest_gfn2_quick,/gpfs/research/alabuginlab/gage/michael/quick/_0_3_tbucore/crest_gfn2_quick,succeeded,CREST,,
155,10016043.0,crest_gfn2_quick,/gpfs/research/alabuginlab/gage/michael/quick/_0_3_noby/crest_gfn2_quick,succeeded,CREST,,
156,10016044.0,crest_gfn2_quick,/gpfs/research/alabuginlab/gage/michael/quick/_0_3_nomph/crest_gfn2_quick,succeeded,CREST,,
157,10016045.0,crest_gfn2_quick,/gpfs/research/alabuginlab/gage/michael/quick/_0_3_nome/crest_gfn2_quick,succeeded,CREST,,
158,10016046.0,crest_gfn2_quick,/gpfs/research/alabuginlab/gage/michael/quick/_0_3_npome/crest_gfn2_quick,succeeded,CREST,,
159,10016059.0,crest_gfn2_quick,/gpfs/research/alabuginlab/gage/michael/quick/_0_3_big_core/crest_gfn2_quick,succeeded,CREST,,
160,10016060.0,crest_gfn2_quick,/gpfs/research/alabuginlab/gage/michael/quick/_0_3_cby/crest_gfn2_quick,succeeded,CREST,,
161,10016061.0,crest_gfn2_quick,/gpfs/research/alabuginlab/gage/michael/quick/_0_3_ncmy/crest_gfn2_quick,succeeded,CREST,,
162,10016062.0,crest_gfn2_quick,/gpfs/research/alabuginlab/gage/michael/quick/_0_3_cmy/crest_gfn2_quick,succeeded,CREST,,
163,10024821.0,crest_gfn2_quick,/gpfs/research/alabuginlab/gage/michael/quick/_0_3_npomy/crest_gfn2_quick,succeeded,CREST,,
164,10016063.0,crest_gfn2_quick,/gpfs/research/alabuginlab/gage/michael/quick/_0_3_nomy2/crest_gfn2_quick,succeeded,CREST,,
165,10016068.0,crest_gfn2_quick,/gpfs/research/alabuginlab/gage/michael/quick/_0_3_ome/crest_gfn2_quick,succeeded,CREST,,
166,10016069.0,crest_gfn2_quick,/gpfs/research/alabuginlab/gage/michael/quick/_0_3_oby/crest_gfn2_quick,succeeded,CREST,,
167,10016070.0,crest_gfn2_quick,/gpfs/research/alabuginlab/gage/michael/quick/_0_3_nody2/crest_gfn2_quick,succeeded,CREST,,
168,10016072.0,crest_gfn2_quick,/gpfs/research/alabuginlab/gage/michael/quick/_0_3_nomy/crest_gfn2_quick,succeeded,CREST,,
169,10016073.0,crest_gfn2_quick,/gpfs/research/alabuginlab/gage/michael/quick/_0_3_omy/crest_gfn2_quick,succeeded,CREST,,
170,10016075.0,cam-b3lyp_6-31Gdp_opt_freq,/gpfs/research/alabuginlab/gage/michael/quick/_0_1_nome2/cam-b3lyp_6-31Gdp_opt_freq,succeeded,ORCA,../crest_gfn2_quick,crest_best.xyz
171,10036596.0,cam-b3lyp_6-31Gdp_triplet_sp_orbitals,/gpfs/research/alabuginlab/gage/michael/quick/_0_1_nome2/cam-b3lyp_6-31Gdp_triplet_sp_orbitals,succeeded,ORCA,../cam-b3lyp_6-31Gdp_opt_freq,cam-b3lyp_6-31Gdp_opt_freq.xyz
172,10036597.0,cam-b3lyp_6-31Gdp_bs_sp_orbitals_occs,/gpfs/research/alabuginlab/gage/michael/quick/_0_1_nome2/cam-b3lyp_6-31Gdp_bs_sp_orbitals_occs,succeeded,ORCA,../cam-b3lyp_6-31Gdp_opt_freq,cam-b3lyp_6-31Gdp_opt_freq.xyz
173,10016076.0,cam-b3lyp_6-31Gdp_opt_freq,/gpfs/research/alabuginlab/gage/michael/quick/_0_1_tbucore/cam-b3lyp_6-31Gdp_opt_freq,succeeded,ORCA,../crest_gfn2_quick,crest_best.xyz
174,10036598.0,cam-b3lyp_6-31Gdp_triplet_sp_orbitals,/gpfs/research/alabuginlab/gage/michael/quick/_0_1_tbucore/cam-b3lyp_6-31Gdp_triplet_sp_orbitals,succeeded,ORCA,../cam-b3lyp_6-31Gdp_opt_freq,cam-b3lyp_6-31Gdp_opt_freq.xyz
175,10036599.0,cam-b3lyp_6-31Gdp_bs_sp_orbitals_occs,/gpfs/research/alabuginlab/gage/michael/quick/_0_1_tbucore/cam-b3lyp_6-31Gdp_bs_sp_orbitals_occs,succeeded,ORCA,../cam-b3lyp_6-31Gdp_opt_freq,cam-b3lyp_6-31Gdp_opt_freq.xyz
176,,cam-b3lyp_6-31Gdp_opt_freq,/gpfs/research/alabuginlab/gage/michael/quick/_0_1_noby/cam-b3lyp_6-31Gdp_opt_freq,failed,ORCA,../crest_gfn2_quick,crest_best.xyz
177,-1.0,cam-b3lyp_6-31Gdp_triplet_sp_orbitals,/gpfs/research/alabuginlab/gage/michael/quick/_0_1_noby/cam-b3lyp_6-31Gdp_triplet_sp_orbitals,not_started,ORCA,../cam-b3lyp_6-31Gdp_opt_freq,cam-b3lyp_6-31Gdp_opt_freq.xyz
178,-1.0,cam-b3lyp_6-31Gdp_bs_sp_orbitals_occs,/gpfs/research/alabuginlab/gage/michael/quick/_0_1_noby/cam-b3lyp_6-31Gdp_bs_sp_orbitals_occs,not_started,ORCA,../cam-b3lyp_6-31Gdp_opt_freq,cam-b3lyp_6-31Gdp_opt_freq.xyz
179,10016081.0,cam-b3lyp_6-31Gdp_opt_freq,/gpfs/research/alabuginlab/gage/michael/quick/_0_1_nomph/cam-b3lyp_6-31Gdp_opt_freq,succeeded,ORCA,../crest_gfn2_quick,crest_best.xyz
180,10036600.0,cam-b3lyp_6-31Gdp_triplet_sp_orbitals,/gpfs/research/alabuginlab/gage/michael/quick/_0_1_nomph/cam-b3lyp_6-31Gdp_triplet_sp_orbitals,succeeded,ORCA,../cam-b3lyp_6-31Gdp_opt_freq,cam-b3lyp_6-31Gdp_opt_freq.xyz
181,10036601.0,cam-b3lyp_6-31Gdp_bs_sp_orbitals_occs,/gpfs/research/alabuginlab/gage/michael/quick/_0_1_nomph/cam-b3lyp_6-31Gdp_bs_sp_orbitals_occs,succeeded,ORCA,../cam-b3lyp_6-31Gdp_opt_freq,cam-b3lyp_6-31Gdp_opt_freq.xyz
182,10016085.0,cam-b3lyp_6-31Gdp_opt_freq,/gpfs/research/alabuginlab/gage/michael/quick/_0_1_nome/cam-b3lyp_6-31Gdp_opt_freq,succeeded,ORCA,../crest_gfn2_quick,crest_best.xyz
183,10036602.0,cam-b3lyp_6-31Gdp_triplet_sp_orbitals,/gpfs/research/alabuginlab/gage/michael/quick/_0_1_nome/cam-b3lyp_6-31Gdp_triplet_sp_orbitals,succeeded,ORCA,../cam-b3lyp_6-31Gdp_opt_freq,cam-b3lyp_6-31Gdp_opt_freq.xyz
184,10036603.0,cam-b3lyp_6-31Gdp_bs_sp_orbitals_occs,/gpfs/research/alabuginlab/gage/michael/quick/_0_1_nome/cam-b3lyp_6-31Gdp_bs_sp_orbitals_occs,succeeded,ORCA,../cam-b3lyp_6-31Gdp_opt_freq,cam-b3lyp_6-31Gdp_opt_freq.xyz
185,,cam-b3lyp_6-31Gdp_opt_freq,/gpfs/research/alabuginlab/gage/michael/quick/_0_1_npome/cam-b3lyp_6-31Gdp_opt_freq,failed,ORCA,../crest_gfn2_quick,crest_best.xyz
186,-1.0,cam-b3lyp_6-31Gdp_triplet_sp_orbitals,/gpfs/research/alabuginlab/gage/michael/quick/_0_1_npome/cam-b3lyp_6-31Gdp_triplet_sp_orbitals,not_started,ORCA,../cam-b3lyp_6-31Gdp_opt_freq,cam-b3lyp_6-31Gdp_opt_freq.xyz
187,-1.0,cam-b3lyp_6-31Gdp_bs_sp_orbitals_occs,/gpfs/research/alabuginlab/gage/michael/quick/_0_1_npome/cam-b3lyp_6-31Gdp_bs_sp_orbitals_occs,not_started,ORCA,../cam-b3lyp_6-31Gdp_opt_freq,cam-b3lyp_6-31Gdp_opt_freq.xyz
188,10016103.0,cam-b3lyp_6-31Gdp_opt_freq,/gpfs/research/alabuginlab/gage/michael/quick/_0_1_big_core/cam-b3lyp_6-31Gdp_opt_freq,succeeded,ORCA,../crest_gfn2_quick,crest_best.xyz
189,10036604.0,cam-b3lyp_6-31Gdp_triplet_sp_orbitals,/gpfs/research/alabuginlab/gage/michael/quick/_0_1_big_core/cam-b3lyp_6-31Gdp_triplet_sp_orbitals,succeeded,ORCA,../cam-b3lyp_6-31Gdp_opt_freq,cam-b3lyp_6-31Gdp_opt_freq.xyz
190,10036605.0,cam-b3lyp_6-31Gdp_bs_sp_orbitals_occs,/gpfs/research/alabuginlab/gage/michael/quick/_0_1_big_core/cam-b3lyp_6-31Gdp_bs_sp_orbitals_occs,succeeded,ORCA,../cam-b3lyp_6-31Gdp_opt_freq,cam-b3lyp_6-31Gdp_opt_freq.xyz
191,10016136.0,cam-b3lyp_6-31Gdp_opt_freq,/gpfs/research/alabuginlab/gage/michael/quick/_0_1_cby/cam-b3lyp_6-31Gdp_opt_freq,succeeded,ORCA,../crest_gfn2_quick,crest_best.xyz
192,10036606.0,cam-b3lyp_6-31Gdp_triplet_sp_orbitals,/gpfs/research/alabuginlab/gage/michael/quick/_0_1_cby/cam-b3lyp_6-31Gdp_triplet_sp_orbitals,succeeded,ORCA,../cam-b3lyp_6-31Gdp_opt_freq,cam-b3lyp_6-31Gdp_opt_freq.xyz
193,10036607.0,cam-b3lyp_6-31Gdp_bs_sp_orbitals_occs,/gpfs/research/alabuginlab/gage/michael/quick/_0_1_cby/cam-b3lyp_6-31Gdp_bs_sp_orbitals_occs,succeeded,ORCA,../cam-b3lyp_6-31Gdp_opt_freq,cam-b3lyp_6-31Gdp_opt_freq.xyz
194,10016137.0,cam-b3lyp_6-31Gdp_opt_freq,/gpfs/research/alabuginlab/gage/michael/quick/_0_1_ncmy/cam-b3lyp_6-31Gdp_opt_freq,succeeded,ORCA,../crest_gfn2_quick,crest_best.xyz
195,10036611.0,cam-b3lyp_6-31Gdp_triplet_sp_orbitals,/gpfs/research/alabuginlab/gage/michael/quick/_0_1_ncmy/cam-b3lyp_6-31Gdp_triplet_sp_orbitals,succeeded,ORCA,../cam-b3lyp_6-31Gdp_opt_freq,cam-b3lyp_6-31Gdp_opt_freq.xyz
196,10036616.0,cam-b3lyp_6-31Gdp_bs_sp_orbitals_occs,/gpfs/research/alabuginlab/gage/michael/quick/_0_1_ncmy/cam-b3lyp_6-31Gdp_bs_sp_orbitals_occs,succeeded,ORCA,../cam-b3lyp_6-31Gdp_opt_freq,cam-b3lyp_6-31Gdp_opt_freq.xyz
197,,cam-b3lyp_6-31Gdp_opt_freq,/gpfs/research/alabuginlab/gage/michael/quick/_0_1_cmy/cam-b3lyp_6-31Gdp_opt_freq,failed,ORCA,../crest_gfn2_quick,crest_best.xyz
198,-1.0,cam-b3lyp_6-31Gdp_triplet_sp_orbitals,/gpfs/research/alabuginlab/gage/michael/quick/_0_1_cmy/cam-b3lyp_6-31Gdp_triplet_sp_orbitals,not_started,ORCA,../cam-b3lyp_6-31Gdp_opt_freq,cam-b3lyp_6-31Gdp_opt_freq.xyz
199,-1.0,cam-b3lyp_6-31Gdp_bs_sp_orbitals_occs,/gpfs/research/alabuginlab/gage/michael/quick/_0_1_cmy/cam-b3lyp_6-31Gdp_bs_sp_orbitals_occs,not_started,ORCA,../cam-b3lyp_6-31Gdp_opt_freq,cam-b3lyp_6-31Gdp_opt_freq.xyz
200,10025176.0,cam-b3lyp_6-31Gdp_opt_freq,/gpfs/research/alabuginlab/gage/michael/quick/_0_1_npomy/cam-b3lyp_6-31Gdp_opt_freq,succeeded,ORCA,../crest_gfn2_quick,crest_best.xyz
201,10036617.0,cam-b3lyp_6-31Gdp_triplet_sp_orbitals,/gpfs/research/alabuginlab/gage/michael/quick/_0_1_npomy/cam-b3lyp_6-31Gdp_triplet_sp_orbitals,succeeded,ORCA,../cam-b3lyp_6-31Gdp_opt_freq,cam-b3lyp_6-31Gdp_opt_freq.xyz
202,10036628.0,cam-b3lyp_6-31Gdp_bs_sp_orbitals_occs,/gpfs/research/alabuginlab/gage/michael/quick/_0_1_npomy/cam-b3lyp_6-31Gdp_bs_sp_orbitals_occs,succeeded,ORCA,../cam-b3lyp_6-31Gdp_opt_freq,cam-b3lyp_6-31Gdp_opt_freq.xyz
203,10016139.0,cam-b3lyp_6-31Gdp_opt_freq,/gpfs/research/alabuginlab/gage/michael/quick/_0_1_nomy2/cam-b3lyp_6-31Gdp_opt_freq,succeeded,ORCA,../crest_gfn2_quick,crest_best.xyz
204,10036629.0,cam-b3lyp_6-31Gdp_triplet_sp_orbitals,/gpfs/research/alabuginlab/gage/michael/quick/_0_1_nomy2/cam-b3lyp_6-31Gdp_triplet_sp_orbitals,succeeded,ORCA,../cam-b3lyp_6-31Gdp_opt_freq,cam-b3lyp_6-31Gdp_opt_freq.xyz
205,10036647.0,cam-b3lyp_6-31Gdp_bs_sp_orbitals_occs,/gpfs/research/alabuginlab/gage/michael/quick/_0_1_nomy2/cam-b3lyp_6-31Gdp_bs_sp_orbitals_occs,succeeded,ORCA,../cam-b3lyp_6-31Gdp_opt_freq,cam-b3lyp_6-31Gdp_opt_freq.xyz
206,,cam-b3lyp_6-31Gdp_opt_freq,/gpfs/research/alabuginlab/gage/michael/quick/_0_1_ome/cam-b3lyp_6-31Gdp_opt_freq,failed,ORCA,../crest_gfn2_quick,crest_best.xyz
207,-1.0,cam-b3lyp_6-31Gdp_triplet_sp_orbitals,/gpfs/research/alabuginlab/gage/michael/quick/_0_1_ome/cam-b3lyp_6-31Gdp_triplet_sp_orbitals,not_started,ORCA,../cam-b3lyp_6-31Gdp_opt_freq,cam-b3lyp_6-31Gdp_opt_freq.xyz
208,-1.0,cam-b3lyp_6-31Gdp_bs_sp_orbitals_occs,/gpfs/research/alabuginlab/gage/michael/quick/_0_1_ome/cam-b3lyp_6-31Gdp_bs_sp_orbitals_occs,not_started,ORCA,../cam-b3lyp_6-31Gdp_opt_freq,cam-b3lyp_6-31Gdp_opt_freq.xyz
209,,cam-b3lyp_6-31Gdp_opt_freq,/gpfs/research/alabuginlab/gage/michael/quick/_0_1_oby/cam-b3lyp_6-31Gdp_opt_freq,failed,ORCA,../crest_gfn2_quick,crest_best.xyz
210,-1.0,cam-b3lyp_6-31Gdp_triplet_sp_orbitals,/gpfs/research/alabuginlab/gage/michael/quick/_0_1_oby/cam-b3lyp_6-31Gdp_triplet_sp_orbitals,not_started,ORCA,../cam-b3lyp_6-31Gdp_opt_freq,cam-b3lyp_6-31Gdp_opt_freq.xyz
211,-1.0,cam-b3lyp_6-31Gdp_bs_sp_orbitals_occs,/gpfs/research/alabuginlab/gage/michael/quick/_0_1_oby/cam-b3lyp_6-31Gdp_bs_sp_orbitals_occs,not_started,ORCA,../cam-b3lyp_6-31Gdp_opt_freq,cam-b3lyp_6-31Gdp_opt_freq.xyz
212,10016142.0,cam-b3lyp_6-31Gdp_opt_freq,/gpfs/research/alabuginlab/gage/michael/quick/_0_1_nody2/cam-b3lyp_6-31Gdp_opt_freq,succeeded,ORCA,../crest_gfn2_quick,crest_best.xyz
213,10036651.0,cam-b3lyp_6-31Gdp_triplet_sp_orbitals,/gpfs/research/alabuginlab/gage/michael/quick/_0_1_nody2/cam-b3lyp_6-31Gdp_triplet_sp_orbitals,succeeded,ORCA,../cam-b3lyp_6-31Gdp_opt_freq,cam-b3lyp_6-31Gdp_opt_freq.xyz
214,10036654.0,cam-b3lyp_6-31Gdp_bs_sp_orbitals_occs,/gpfs/research/alabuginlab/gage/michael/quick/_0_1_nody2/cam-b3lyp_6-31Gdp_bs_sp_orbitals_occs,succeeded,ORCA,../cam-b3lyp_6-31Gdp_opt_freq,cam-b3lyp_6-31Gdp_opt_freq.xyz
215,10016175.0,cam-b3lyp_6-31Gdp_opt_freq,/gpfs/research/alabuginlab/gage/michael/quick/_0_1_nomy/cam-b3lyp_6-31Gdp_opt_freq,succeeded,ORCA,../crest_gfn2_quick,crest_best.xyz
216,10036656.0,cam-b3lyp_6-31Gdp_triplet_sp_orbitals,/gpfs/research/alabuginlab/gage/michael/quick/_0_1_nomy/cam-b3lyp_6-31Gdp_triplet_sp_orbitals,succeeded,ORCA,../cam-b3lyp_6-31Gdp_opt_freq,cam-b3lyp_6-31Gdp_opt_freq.xyz
217,10036660.0,cam-b3lyp_6-31Gdp_bs_sp_orbitals_occs,/gpfs/research/alabuginlab/gage/michael/quick/_0_1_nomy/cam-b3lyp_6-31Gdp_bs_sp_orbitals_occs,succeeded,ORCA,../cam-b3lyp_6-31Gdp_opt_freq,cam-b3lyp_6-31Gdp_opt_freq.xyz
218,,cam-b3lyp_6-31Gdp_opt_freq,/gpfs/research/alabuginlab/gage/michael/quick/_0_1_omy/cam-b3lyp_6-31Gdp_opt_freq,failed,ORCA,../crest_gfn2_quick,crest_best.xyz
219,-1.0,cam-b3lyp_6-31Gdp_triplet_sp_orbitals,/gpfs/research/alabuginlab/gage/michael/quick/_0_1_omy/cam-b3lyp_6-31Gdp_triplet_sp_orbitals,not_started,ORCA,../cam-b3lyp_6-31Gdp_opt_freq,cam-b3lyp_6-31Gdp_opt_freq.xyz
220,-1.0,cam-b3lyp_6-31Gdp_bs_sp_orbitals_occs,/gpfs/research/alabuginlab/gage/michael/quick/_0_1_omy/cam-b3lyp_6-31Gdp_bs_sp_orbitals_occs,not_started,ORCA,../cam-b3lyp_6-31Gdp_opt_freq,cam-b3lyp_6-31Gdp_opt_freq.xyz
221,10016192.0,cam-b3lyp_6-31Gdp_opt_freq,/gpfs/research/alabuginlab/gage/michael/quick/_0_3_nome2/cam-b3lyp_6-31Gdp_opt_freq,succeeded,ORCA,../crest_gfn2_quick,crest_best.xyz
222,10036661.0,cam-b3lyp_6-31Gdp_triplet_sp_orbitals,/gpfs/research/alabuginlab/gage/michael/quick/_0_3_nome2/cam-b3lyp_6-31Gdp_triplet_sp_orbitals,succeeded,ORCA,../cam-b3lyp_6-31Gdp_opt_freq,cam-b3lyp_6-31Gdp_opt_freq.xyz
223,10036665.0,cam-b3lyp_6-31Gdp_bs_sp_orbitals_occs,/gpfs/research/alabuginlab/gage/michael/quick/_0_3_nome2/cam-b3lyp_6-31Gdp_bs_sp_orbitals_occs,succeeded,ORCA,../cam-b3lyp_6-31Gdp_opt_freq,cam-b3lyp_6-31Gdp_opt_freq.xyz
224,10016193.0,cam-b3lyp_6-31Gdp_opt_freq,/gpfs/research/alabuginlab/gage/michael/quick/_0_3_tbucore/cam-b3lyp_6-31Gdp_opt_freq,succeeded,ORCA,../crest_gfn2_quick,crest_best.xyz
225,10036666.0,cam-b3lyp_6-31Gdp_triplet_sp_orbitals,/gpfs/research/alabuginlab/gage/michael/quick/_0_3_tbucore/cam-b3lyp_6-31Gdp_triplet_sp_orbitals,succeeded,ORCA,../cam-b3lyp_6-31Gdp_opt_freq,cam-b3lyp_6-31Gdp_opt_freq.xyz
226,10036667.0,cam-b3lyp_6-31Gdp_bs_sp_orbitals_occs,/gpfs/research/alabuginlab/gage/michael/quick/_0_3_tbucore/cam-b3lyp_6-31Gdp_bs_sp_orbitals_occs,succeeded,ORCA,../cam-b3lyp_6-31Gdp_opt_freq,cam-b3lyp_6-31Gdp_opt_freq.xyz
227,,cam-b3lyp_6-31Gdp_opt_freq,/gpfs/research/alabuginlab/gage/michael/quick/_0_3_noby/cam-b3lyp_6-31Gdp_opt_freq,failed,ORCA,../crest_gfn2_quick,crest_best.xyz
228,-1.0,cam-b3lyp_6-31Gdp_triplet_sp_orbitals,/gpfs/research/alabuginlab/gage/michael/quick/_0_3_noby/cam-b3lyp_6-31Gdp_triplet_sp_orbitals,not_started,ORCA,../cam-b3lyp_6-31Gdp_opt_freq,cam-b3lyp_6-31Gdp_opt_freq.xyz
229,-1.0,cam-b3lyp_6-31Gdp_bs_sp_orbitals_occs,/gpfs/research/alabuginlab/gage/michael/quick/_0_3_noby/cam-b3lyp_6-31Gdp_bs_sp_orbitals_occs,not_started,ORCA,../cam-b3lyp_6-31Gdp_opt_freq,cam-b3lyp_6-31Gdp_opt_freq.xyz
230,10016238.0,cam-b3lyp_6-31Gdp_opt_freq,/gpfs/research/alabuginlab/gage/michael/quick/_0_3_nomph/cam-b3lyp_6-31Gdp_opt_freq,succeeded,ORCA,../crest_gfn2_quick,crest_best.xyz
231,10036669.0,cam-b3lyp_6-31Gdp_triplet_sp_orbitals,/gpfs/research/alabuginlab/gage/michael/quick/_0_3_nomph/cam-b3lyp_6-31Gdp_triplet_sp_orbitals,succeeded,ORCA,../cam-b3lyp_6-31Gdp_opt_freq,cam-b3lyp_6-31Gdp_opt_freq.xyz
232,10036670.0,cam-b3lyp_6-31Gdp_bs_sp_orbitals_occs,/gpfs/research/alabuginlab/gage/michael/quick/_0_3_nomph/cam-b3lyp_6-31Gdp_bs_sp_orbitals_occs,succeeded,ORCA,../cam-b3lyp_6-31Gdp_opt_freq,cam-b3lyp_6-31Gdp_opt_freq.xyz
233,10016239.0,cam-b3lyp_6-31Gdp_opt_freq,/gpfs/research/alabuginlab/gage/michael/quick/_0_3_nome/cam-b3lyp_6-31Gdp_opt_freq,succeeded,ORCA,../crest_gfn2_quick,crest_best.xyz
234,10036675.0,cam-b3lyp_6-31Gdp_triplet_sp_orbitals,/gpfs/research/alabuginlab/gage/michael/quick/_0_3_nome/cam-b3lyp_6-31Gdp_triplet_sp_orbitals,succeeded,ORCA,../cam-b3lyp_6-31Gdp_opt_freq,cam-b3lyp_6-31Gdp_opt_freq.xyz
235,10036678.0,cam-b3lyp_6-31Gdp_bs_sp_orbitals_occs,/gpfs/research/alabuginlab/gage/michael/quick/_0_3_nome/cam-b3lyp_6-31Gdp_bs_sp_orbitals_occs,succeeded,ORCA,../cam-b3lyp_6-31Gdp_opt_freq,cam-b3lyp_6-31Gdp_opt_freq.xyz
236,,cam-b3lyp_6-31Gdp_opt_freq,/gpfs/research/alabuginlab/gage/michael/quick/_0_3_npome/cam-b3lyp_6-31Gdp_opt_freq,failed,ORCA,../crest_gfn2_quick,crest_best.xyz
237,-1.0,cam-b3lyp_6-31Gdp_triplet_sp_orbitals,/gpfs/research/alabuginlab/gage/michael/quick/_0_3_npome/cam-b3lyp_6-31Gdp_triplet_sp_orbitals,not_started,ORCA,../cam-b3lyp_6-31Gdp_opt_freq,cam-b3lyp_6-31Gdp_opt_freq.xyz
238,-1.0,cam-b3lyp_6-31Gdp_bs_sp_orbitals_occs,/gpfs/research/alabuginlab/gage/michael/quick/_0_3_npome/cam-b3lyp_6-31Gdp_bs_sp_orbitals_occs,not_started,ORCA,../cam-b3lyp_6-31Gdp_opt_freq,cam-b3lyp_6-31Gdp_opt_freq.xyz
239,10016313.0,cam-b3lyp_6-31Gdp_opt_freq,/gpfs/research/alabuginlab/gage/michael/quick/_0_3_big_core/cam-b3lyp_6-31Gdp_opt_freq,succeeded,ORCA,../crest_gfn2_quick,crest_best.xyz
240,10036681.0,cam-b3lyp_6-31Gdp_triplet_sp_orbitals,/gpfs/research/alabuginlab/gage/michael/quick/_0_3_big_core/cam-b3lyp_6-31Gdp_triplet_sp_orbitals,succeeded,ORCA,../cam-b3lyp_6-31Gdp_opt_freq,cam-b3lyp_6-31Gdp_opt_freq.xyz
241,10036683.0,cam-b3lyp_6-31Gdp_bs_sp_orbitals_occs,/gpfs/research/alabuginlab/gage/michael/quick/_0_3_big_core/cam-b3lyp_6-31Gdp_bs_sp_orbitals_occs,succeeded,ORCA,../cam-b3lyp_6-31Gdp_opt_freq,cam-b3lyp_6-31Gdp_opt_freq.xyz
242,10016314.0,cam-b3lyp_6-31Gdp_opt_freq,/gpfs/research/alabuginlab/gage/michael/quick/_0_3_cby/cam-b3lyp_6-31Gdp_opt_freq,succeeded,ORCA,../crest_gfn2_quick,crest_best.xyz
243,10036685.0,cam-b3lyp_6-31Gdp_triplet_sp_orbitals,/gpfs/research/alabuginlab/gage/michael/quick/_0_3_cby/cam-b3lyp_6-31Gdp_triplet_sp_orbitals,succeeded,ORCA,../cam-b3lyp_6-31Gdp_opt_freq,cam-b3lyp_6-31Gdp_opt_freq.xyz
244,10036692.0,cam-b3lyp_6-31Gdp_bs_sp_orbitals_occs,/gpfs/research/alabuginlab/gage/michael/quick/_0_3_cby/cam-b3lyp_6-31Gdp_bs_sp_orbitals_occs,succeeded,ORCA,../cam-b3lyp_6-31Gdp_opt_freq,cam-b3lyp_6-31Gdp_opt_freq.xyz
245,10016315.0,cam-b3lyp_6-31Gdp_opt_freq,/gpfs/research/alabuginlab/gage/michael/quick/_0_3_ncmy/cam-b3lyp_6-31Gdp_opt_freq,succeeded,ORCA,../crest_gfn2_quick,crest_best.xyz
246,10036693.0,cam-b3lyp_6-31Gdp_triplet_sp_orbitals,/gpfs/research/alabuginlab/gage/michael/quick/_0_3_ncmy/cam-b3lyp_6-31Gdp_triplet_sp_orbitals,succeeded,ORCA,../cam-b3lyp_6-31Gdp_opt_freq,cam-b3lyp_6-31Gdp_opt_freq.xyz
247,10036696.0,cam-b3lyp_6-31Gdp_bs_sp_orbitals_occs,/gpfs/research/alabuginlab/gage/michael/quick/_0_3_ncmy/cam-b3lyp_6-31Gdp_bs_sp_orbitals_occs,succeeded,ORCA,../cam-b3lyp_6-31Gdp_opt_freq,cam-b3lyp_6-31Gdp_opt_freq.xyz
248,,cam-b3lyp_6-31Gdp_opt_freq,/gpfs/research/alabuginlab/gage/michael/quick/_0_3_cmy/cam-b3lyp_6-31Gdp_opt_freq,failed,ORCA,../crest_gfn2_quick,crest_best.xyz
249,-1.0,cam-b3lyp_6-31Gdp_triplet_sp_orbitals,/gpfs/research/alabuginlab/gage/michael/quick/_0_3_cmy/cam-b3lyp_6-31Gdp_triplet_sp_orbitals,not_started,ORCA,../cam-b3lyp_6-31Gdp_opt_freq,cam-b3lyp_6-31Gdp_opt_freq.xyz
250,-1.0,cam-b3lyp_6-31Gdp_bs_sp_orbitals_occs,/gpfs/research/alabuginlab/gage/michael/quick/_0_3_cmy/cam-b3lyp_6-31Gdp_bs_sp_orbitals_occs,not_started,ORCA,../cam-b3lyp_6-31Gdp_opt_freq,cam-b3lyp_6-31Gdp_opt_freq.xyz
251,10025177.0,cam-b3lyp_6-31Gdp_opt_freq,/gpfs/research/alabuginlab/gage/michael/quick/_0_3_npomy/cam-b3lyp_6-31Gdp_opt_freq,succeeded,ORCA,../crest_gfn2_quick,crest_best.xyz
252,10036703.0,cam-b3lyp_6-31Gdp_triplet_sp_orbitals,/gpfs/research/alabuginlab/gage/michael/quick/_0_3_npomy/cam-b3lyp_6-31Gdp_triplet_sp_orbitals,succeeded,ORCA,../cam-b3lyp_6-31Gdp_opt_freq,cam-b3lyp_6-31Gdp_opt_freq.xyz
253,10036708.0,cam-b3lyp_6-31Gdp_bs_sp_orbitals_occs,/gpfs/research/alabuginlab/gage/michael/quick/_0_3_npomy/cam-b3lyp_6-31Gdp_bs_sp_orbitals_occs,succeeded,ORCA,../cam-b3lyp_6-31Gdp_opt_freq,cam-b3lyp_6-31Gdp_opt_freq.xyz
254,10016317.0,cam-b3lyp_6-31Gdp_opt_freq,/gpfs/research/alabuginlab/gage/michael/quick/_0_3_nomy2/cam-b3lyp_6-31Gdp_opt_freq,succeeded,ORCA,../crest_gfn2_quick,crest_best.xyz
255,10036710.0,cam-b3lyp_6-31Gdp_triplet_sp_orbitals,/gpfs/research/alabuginlab/gage/michael/quick/_0_3_nomy2/cam-b3lyp_6-31Gdp_triplet_sp_orbitals,succeeded,ORCA,../cam-b3lyp_6-31Gdp_opt_freq,cam-b3lyp_6-31Gdp_opt_freq.xyz
256,10036712.0,cam-b3lyp_6-31Gdp_bs_sp_orbitals_occs,/gpfs/research/alabuginlab/gage/michael/quick/_0_3_nomy2/cam-b3lyp_6-31Gdp_bs_sp_orbitals_occs,succeeded,ORCA,../cam-b3lyp_6-31Gdp_opt_freq,cam-b3lyp_6-31Gdp_opt_freq.xyz
257,,cam-b3lyp_6-31Gdp_opt_freq,/gpfs/research/alabuginlab/gage/michael/quick/_0_3_ome/cam-b3lyp_6-31Gdp_opt_freq,failed,ORCA,../crest_gfn2_quick,crest_best.xyz
258,-1.0,cam-b3lyp_6-31Gdp_triplet_sp_orbitals,/gpfs/research/alabuginlab/gage/michael/quick/_0_3_ome/cam-b3lyp_6-31Gdp_triplet_sp_orbitals,not_started,ORCA,../cam-b3lyp_6-31Gdp_opt_freq,cam-b3lyp_6-31Gdp_opt_freq.xyz
259,-1.0,cam-b3lyp_6-31Gdp_bs_sp_orbitals_occs,/gpfs/research/alabuginlab/gage/michael/quick/_0_3_ome/cam-b3lyp_6-31Gdp_bs_sp_orbitals_occs,not_started,ORCA,../cam-b3lyp_6-31Gdp_opt_freq,cam-b3lyp_6-31Gdp_opt_freq.xyz
260,,cam-b3lyp_6-31Gdp_opt_freq,/gpfs/research/alabuginlab/gage/michael/quick/_0_3_oby/cam-b3lyp_6-31Gdp_opt_freq,failed,ORCA,../crest_gfn2_quick,crest_best.xyz
261,-1.0,cam-b3lyp_6-31Gdp_triplet_sp_orbitals,/gpfs/research/alabuginlab/gage/michael/quick/_0_3_oby/cam-b3lyp_6-31Gdp_triplet_sp_orbitals,not_started,ORCA,../cam-b3lyp_6-31Gdp_opt_freq,cam-b3lyp_6-31Gdp_opt_freq.xyz
262,-1.0,cam-b3lyp_6-31Gdp_bs_sp_orbitals_occs,/gpfs/research/alabuginlab/gage/michael/quick/_0_3_oby/cam-b3lyp_6-31Gdp_bs_sp_orbitals_occs,not_started,ORCA,../cam-b3lyp_6-31Gdp_opt_freq,cam-b3lyp_6-31Gdp_opt_freq.xyz
263,10016320.0,cam-b3lyp_6-31Gdp_opt_freq,/gpfs/research/alabuginlab/gage/michael/quick/_0_3_nody2/cam-b3lyp_6-31Gdp_opt_freq,succeeded,ORCA,../crest_gfn2_quick,crest_best.xyz
264,-1.0,cam-b3lyp_6-31Gdp_triplet_sp_orbitals,/gpfs/research/alabuginlab/gage/michael/quick/_0_3_nody2/cam-b3lyp_6-31Gdp_triplet_sp_orbitals,not_started,ORCA,../cam-b3lyp_6-31Gdp_opt_freq,cam-b3lyp_6-31Gdp_opt_freq.xyz
265,-1.0,cam-b3lyp_6-31Gdp_bs_sp_orbitals_occs,/gpfs/research/alabuginlab/gage/michael/quick/_0_3_nody2/cam-b3lyp_6-31Gdp_bs_sp_orbitals_occs,not_started,ORCA,../cam-b3lyp_6-31Gdp_opt_freq,cam-b3lyp_6-31Gdp_opt_freq.xyz
266,-1.0,cam-b3lyp_6-31Gdp_opt_freq,/gpfs/research/alabuginlab/gage/michael/quick/_0_3_nomy/cam-b3lyp_6-31Gdp_opt_freq,not_started,ORCA,../crest_gfn2_quick,crest_best.xyz
267,-1.0,cam-b3lyp_6-31Gdp_triplet_sp_orbitals,/gpfs/research/alabuginlab/gage/michael/quick/_0_3_nomy/cam-b3lyp_6-31Gdp_triplet_sp_orbitals,not_started,ORCA,../cam-b3lyp_6-31Gdp_opt_freq,cam-b3lyp_6-31Gdp_opt_freq.xyz
268,-1.0,cam-b3lyp_6-31Gdp_bs_sp_orbitals_occs,/gpfs/research/alabuginlab/gage/michael/quick/_0_3_nomy/cam-b3lyp_6-31Gdp_bs_sp_orbitals_occs,not_started,ORCA,../cam-b3lyp_6-31Gdp_opt_freq,cam-b3lyp_6-31Gdp_opt_freq.xyz
269,-1.0,cam-b3lyp_6-31Gdp_opt_freq,/gpfs/research/alabuginlab/gage/michael/quick/_0_3_omy/cam-b3lyp_6-31Gdp_opt_freq,not_started,ORCA,../crest_gfn2_quick,crest_best.xyz
270,-1.0,cam-b3lyp_6-31Gdp_triplet_sp_orbitals,/gpfs/research/alabuginlab/gage/michael/quick/_0_3_omy/cam-b3lyp_6-31Gdp_triplet_sp_orbitals,not_started,ORCA,../cam-b3lyp_6-31Gdp_opt_freq,cam-b3lyp_6-31Gdp_opt_freq.xyz
271,-1.0,cam-b3lyp_6-31Gdp_bs_sp_orbitals_occs,/gpfs/research/alabuginlab/gage/michael/quick/_0_3_omy/cam-b3lyp_6-31Gdp_bs_sp_orbitals_occs,not_started,ORCA,../cam-b3lyp_6-31Gdp_opt_freq,cam-b3lyp_6-31Gdp_opt_freq.xyz
272,-1.0,cam-b3lyp_6-31+Gdp_tddft,/gpfs/research/alabuginlab/gage/michael/quick/_0_1_nome2/cam-b3lyp_6-31+Gdp_tddft,not_started,ORCA,../cam-b3lyp_6-31Gdp_opt_freq,cam-b3lyp_6-31Gdp_opt_freq.xyz
273,-1.0,cam-b3lyp_6-31+Gdp_tddft,/gpfs/research/alabuginlab/gage/michael/quick/_0_1_tbucore/cam-b3lyp_6-31+Gdp_tddft,not_started,ORCA,../cam-b3lyp_6-31Gdp_opt_freq,cam-b3lyp_6-31Gdp_opt_freq.xyz
274,-1.0,cam-b3lyp_6-31+Gdp_tddft,/gpfs/research/alabuginlab/gage/michael/quick/_0_1_noby/cam-b3lyp_6-31+Gdp_tddft,not_started,ORCA,../cam-b3lyp_6-31Gdp_opt_freq,cam-b3lyp_6-31Gdp_opt_freq.xyz
275,-1.0,cam-b3lyp_6-31+Gdp_tddft,/gpfs/research/alabuginlab/gage/michael/quick/_0_1_nomph/cam-b3lyp_6-31+Gdp_tddft,not_started,ORCA,../cam-b3lyp_6-31Gdp_opt_freq,cam-b3lyp_6-31Gdp_opt_freq.xyz
276,-1.0,cam-b3lyp_6-31+Gdp_tddft,/gpfs/research/alabuginlab/gage/michael/quick/_0_1_nome/cam-b3lyp_6-31+Gdp_tddft,not_started,ORCA,../cam-b3lyp_6-31Gdp_opt_freq,cam-b3lyp_6-31Gdp_opt_freq.xyz
277,-1.0,cam-b3lyp_6-31+Gdp_tddft,/gpfs/research/alabuginlab/gage/michael/quick/_0_1_npome/cam-b3lyp_6-31+Gdp_tddft,not_started,ORCA,../cam-b3lyp_6-31Gdp_opt_freq,cam-b3lyp_6-31Gdp_opt_freq.xyz
278,-1.0,cam-b3lyp_6-31+Gdp_tddft,/gpfs/research/alabuginlab/gage/michael/quick/_0_1_big_core/cam-b3lyp_6-31+Gdp_tddft,not_started,ORCA,../cam-b3lyp_6-31Gdp_opt_freq,cam-b3lyp_6-31Gdp_opt_freq.xyz
279,-1.0,cam-b3lyp_6-31+Gdp_tddft,/gpfs/research/alabuginlab/gage/michael/quick/_0_1_cby/cam-b3lyp_6-31+Gdp_tddft,not_started,ORCA,../cam-b3lyp_6-31Gdp_opt_freq,cam-b3lyp_6-31Gdp_opt_freq.xyz
280,-1.0,cam-b3lyp_6-31+Gdp_tddft,/gpfs/research/alabuginlab/gage/michael/quick/_0_1_ncmy/cam-b3lyp_6-31+Gdp_tddft,not_started,ORCA,../cam-b3lyp_6-31Gdp_opt_freq,cam-b3lyp_6-31Gdp_opt_freq.xyz
281,-1.0,cam-b3lyp_6-31+Gdp_tddft,/gpfs/research/alabuginlab/gage/michael/quick/_0_1_cmy/cam-b3lyp_6-31+Gdp_tddft,not_started,ORCA,../cam-b3lyp_6-31Gdp_opt_freq,cam-b3lyp_6-31Gdp_opt_freq.xyz
282,-1.0,cam-b3lyp_6-31+Gdp_tddft,/gpfs/research/alabuginlab/gage/michael/quick/_0_1_npomy/cam-b3lyp_6-31+Gdp_tddft,not_started,ORCA,../cam-b3lyp_6-31Gdp_opt_freq,cam-b3lyp_6-31Gdp_opt_freq.xyz
283,-1.0,cam-b3lyp_6-31+Gdp_tddft,/gpfs/research/alabuginlab/gage/michael/quick/_0_1_nomy2/cam-b3lyp_6-31+Gdp_tddft,not_started,ORCA,../cam-b3lyp_6-31Gdp_opt_freq,cam-b3lyp_6-31Gdp_opt_freq.xyz
284,-1.0,cam-b3lyp_6-31+Gdp_tddft,/gpfs/research/alabuginlab/gage/michael/quick/_0_1_ome/cam-b3lyp_6-31+Gdp_tddft,not_started,ORCA,../cam-b3lyp_6-31Gdp_opt_freq,cam-b3lyp_6-31Gdp_opt_freq.xyz
285,-1.0,cam-b3lyp_6-31+Gdp_tddft,/gpfs/research/alabuginlab/gage/michael/quick/_0_1_oby/cam-b3lyp_6-31+Gdp_tddft,not_started,ORCA,../cam-b3lyp_6-31Gdp_opt_freq,cam-b3lyp_6-31Gdp_opt_freq.xyz
286,-1.0,cam-b3lyp_6-31+Gdp_tddft,/gpfs/research/alabuginlab/gage/michael/quick/_0_1_nody2/cam-b3lyp_6-31+Gdp_tddft,not_started,ORCA,../cam-b3lyp_6-31Gdp_opt_freq,cam-b3lyp_6-31Gdp_opt_freq.xyz
287,-1.0,cam-b3lyp_6-31+Gdp_tddft,/gpfs/research/alabuginlab/gage/michael/quick/_0_1_nomy/cam-b3lyp_6-31+Gdp_tddft,not_started,ORCA,../cam-b3lyp_6-31Gdp_opt_freq,cam-b3lyp_6-31Gdp_opt_freq.xyz
288,-1.0,cam-b3lyp_6-31+Gdp_tddft,/gpfs/research/alabuginlab/gage/michael/quick/_0_1_omy/cam-b3lyp_6-31+Gdp_tddft,not_started,ORCA,../cam-b3lyp_6-31Gdp_opt_freq,cam-b3lyp_6-31Gdp_opt_freq.xyz
289,-1.0,cam-b3lyp_6-31+Gdp_tddft,/gpfs/research/alabuginlab/gage/michael/quick/_0_3_nome2/cam-b3lyp_6-31+Gdp_tddft,not_started,ORCA,../cam-b3lyp_6-31Gdp_opt_freq,cam-b3lyp_6-31Gdp_opt_freq.xyz
290,-1.0,cam-b3lyp_6-31+Gdp_tddft,/gpfs/research/alabuginlab/gage/michael/quick/_0_3_tbucore/cam-b3lyp_6-31+Gdp_tddft,not_started,ORCA,../cam-b3lyp_6-31Gdp_opt_freq,cam-b3lyp_6-31Gdp_opt_freq.xyz
291,-1.0,cam-b3lyp_6-31+Gdp_tddft,/gpfs/research/alabuginlab/gage/michael/quick/_0_3_noby/cam-b3lyp_6-31+Gdp_tddft,not_started,ORCA,../cam-b3lyp_6-31Gdp_opt_freq,cam-b3lyp_6-31Gdp_opt_freq.xyz
292,-1.0,cam-b3lyp_6-31+Gdp_tddft,/gpfs/research/alabuginlab/gage/michael/quick/_0_3_nomph/cam-b3lyp_6-31+Gdp_tddft,not_started,ORCA,../cam-b3lyp_6-31Gdp_opt_freq,cam-b3lyp_6-31Gdp_opt_freq.xyz
293,-1.0,cam-b3lyp_6-31+Gdp_tddft,/gpfs/research/alabuginlab/gage/michael/quick/_0_3_nome/cam-b3lyp_6-31+Gdp_tddft,not_started,ORCA,../cam-b3lyp_6-31Gdp_opt_freq,cam-b3lyp_6-31Gdp_opt_freq.xyz
294,-1.0,cam-b3lyp_6-31+Gdp_tddft,/gpfs/research/alabuginlab/gage/michael/quick/_0_3_npome/cam-b3lyp_6-31+Gdp_tddft,not_started,ORCA,../cam-b3lyp_6-31Gdp_opt_freq,cam-b3lyp_6-31Gdp_opt_freq.xyz
295,-1.0,cam-b3lyp_6-31+Gdp_tddft,/gpfs/research/alabuginlab/gage/michael/quick/_0_3_big_core/cam-b3lyp_6-31+Gdp_tddft,not_started,ORCA,../cam-b3lyp_6-31Gdp_opt_freq,cam-b3lyp_6-31Gdp_opt_freq.xyz
296,-1.0,cam-b3lyp_6-31+Gdp_tddft,/gpfs/research/alabuginlab/gage/michael/quick/_0_3_cby/cam-b3lyp_6-31+Gdp_tddft,not_started,ORCA,../cam-b3lyp_6-31Gdp_opt_freq,cam-b3lyp_6-31Gdp_opt_freq.xyz
297,-1.0,cam-b3lyp_6-31+Gdp_tddft,/gpfs/research/alabuginlab/gage/michael/quick/_0_3_ncmy/cam-b3lyp_6-31+Gdp_tddft,not_started,ORCA,../cam-b3lyp_6-31Gdp_opt_freq,cam-b3lyp_6-31Gdp_opt_freq.xyz
298,-1.0,cam-b3lyp_6-31+Gdp_tddft,/gpfs/research/alabuginlab/gage/michael/quick/_0_3_cmy/cam-b3lyp_6-31+Gdp_tddft,not_started,ORCA,../cam-b3lyp_6-31Gdp_opt_freq,cam-b3lyp_6-31Gdp_opt_freq.xyz
299,-1.0,cam-b3lyp_6-31+Gdp_tddft,/gpfs/research/alabuginlab/gage/michael/quick/_0_3_npomy/cam-b3lyp_6-31+Gdp_tddft,not_started,ORCA,../cam-b3lyp_6-31Gdp_opt_freq,cam-b3lyp_6-31Gdp_opt_freq.xyz
300,-1.0,cam-b3lyp_6-31+Gdp_tddft,/gpfs/research/alabuginlab/gage/michael/quick/_0_3_nomy2/cam-b3lyp_6-31+Gdp_tddft,not_started,ORCA,../cam-b3lyp_6-31Gdp_opt_freq,cam-b3lyp_6-31Gdp_opt_freq.xyz
301,-1.0,cam-b3lyp_6-31+Gdp_tddft,/gpfs/research/alabuginlab/gage/michael/quick/_0_3_ome/cam-b3lyp_6-31+Gdp_tddft,not_started,ORCA,../cam-b3lyp_6-31Gdp_opt_freq,cam-b3lyp_6-31Gdp_opt_freq.xyz
302,-1.0,cam-b3lyp_6-31+Gdp_tddft,/gpfs/research/alabuginlab/gage/michael/quick/_0_3_oby/cam-b3lyp_6-31+Gdp_tddft,not_started,ORCA,../cam-b3lyp_6-31Gdp_opt_freq,cam-b3lyp_6-31Gdp_opt_freq.xyz
303,-1.0,cam-b3lyp_6-31+Gdp_tddft,/gpfs/research/alabuginlab/gage/michael/quick/_0_3_nody2/cam-b3lyp_6-31+Gdp_tddft,not_started,ORCA,../cam-b3lyp_6-31Gdp_opt_freq,cam-b3lyp_6-31Gdp_opt_freq.xyz
304,-1.0,cam-b3lyp_6-31+Gdp_tddft,/gpfs/research/alabuginlab/gage/michael/quick/_0_3_nomy/cam-b3lyp_6-31+Gdp_tddft,not_started,ORCA,../cam-b3lyp_6-31Gdp_opt_freq,cam-b3lyp_6-31Gdp_opt_freq.xyz
305,-1.0,cam-b3lyp_6-31+Gdp_tddft,/gpfs/research/alabuginlab/gage/michael/quick/_0_3_omy/cam-b3lyp_6-31+Gdp_tddft,not_started,ORCA,../cam-b3lyp_6-31Gdp_opt_freq,cam-b3lyp_6-31Gdp_opt_freq.xyz
